Country Name,Wiki info
Afghanistan,"Afghanistan ( (listen), also pronounced /Ã¦vËˆÉ¡Ã¦náµ»stÃ¦n, Ã¦vËˆÉ¡É‘Ënáµ»stÉ‘Ën/; Pashto/Dari: Ø§ÙØºØ§Ù†Ø³ØªØ§Ù†, Pashto: AfÄ¡ÄnistÄn [avÉ£É’nisËˆtÉ’n, ab-], Dari: AfÄ¡ÄnestÄn [avÉ£É’nesËˆtÉ’n]), officially the Islamic Republic of Afghanistan, is a landlocked country at the crossroads of Central and South Asia. Afghanistan is bordered by Pakistan to the east and south; Iran to the west; Turkmenistan, Uzbekistan, and Tajikistan to the north; and China to the northeast."
Albania,"Albania ( (listen) a(w)l-BAY-nee-É™; Albanian: ShqipÃ«ri or ShqipÃ«ria; Gheg Albanian: Shqipni or Shqipnia also Shqypni or Shqypnia), officially the Republic of Albania (Albanian: Republika e ShqipÃ«risÃ«, pronounced [É¾É›puËˆblika É› ÊƒcipÉ™ËˆÉ¾iËsÉ™]), is a country in Southeast Europe on the Adriatic and Ionian Sea within the Mediterranean Sea. It shares land borders with Montenegro to the northwest, Kosovo to the northeast, North Macedonia to the east, Greece to the south and maritime borders with Greece, Montenegro and Italy to the west."
Argentina,"Argentina (Spanish: [aÉ¾xenËˆtina]), officially the Argentine Republic (Spanish: RepÃºblica Argentina), is a country located mostly in the southern half of South America. Sharing the bulk of the Southern Cone with Chile to the west, the country is also bordered by Bolivia and Paraguay to the north, Brazil to the northeast, Uruguay and the South Atlantic Ocean to the east, and the Drake Passage to the south."
Armenia,"Armenia ( (listen); Armenian: Õ€Õ¡ÕµÕ¡Õ½Õ¿Õ¡Õ¶, romanized: Hayastan, IPA: [hÉ‘jÉ‘sËˆtÉ‘n]), officially the Republic of Armenia (Armenian: Õ€Õ¡ÕµÕ¡Õ½Õ¿Õ¡Õ¶Õ« Õ€Õ¡Õ¶Ö€Õ¡ÕºÕ¥Õ¿Õ¸Ö‚Õ©ÕµÕ¸Ö‚Õ¶, romanized: Hayastani Hanrapetut'yun, IPA: [hÉ‘jÉ‘stÉ‘Ëˆni hÉ‘nÉ¾É‘pÉ›tutÊ°Ëˆjun]), is a landlocked country in the South Caucasus region of Eurasia. Located in Western Asia, on the Armenian Highlands, it is bordered by Turkey to the west, Georgia to the north, the de facto independent Republic of Artsakh and Azerbaijan to the east, and Iran and Azerbaijan's exclave of Nakhchivan to the south.Armenia is a unitary, multi-party, democratic nation-state with an ancient cultural heritage."
Australia,"Australia, officially the Commonwealth of Australia, is a sovereign country comprising the mainland of the Australian continent, the island of Tasmania, and numerous smaller islands. It is the largest country in Oceania and the world's sixth-largest country by total area."
Austria,"Austria ( (listen), ; German: Ã–sterreich [ËˆÃ¸ËstÉÊaÉªÌ¯Ã§] (listen)), officially the Republic of Austria (German: Republik Ã–sterreich, listen ), is a landlocked East Alpine country in the southern part of Central Europe. It is composed of nine federated states (BundeslÃ¤nder), one of which is Vienna, Austria's capital and its largest city."
Burundi,"Burundi ( (listen), ), officially the Republic of Burundi (Kirundi: Republika y'Uburundi, [u.Î²u.É¾Ç”Ë.ndi]; French: RÃ©publique du Burundi, [buÊundi] or [byÊyndi]), is a landlocked country in the Great Rift Valley where the African Great Lakes region and East Africa converge. It is bordered by Rwanda to the north, Tanzania to the east and southeast, and the Democratic Republic of the Congo to the west; Lake Tanganyika lies along its southwestern border."
Belgium,"Belgium, officially the Kingdom of Belgium, is a country in Western Europe. It is bordered by the Netherlands to the north, Germany to the east, Luxembourg to the southeast, France to the southwest, and the North Sea to the northwest."
Benin,"Benin ( (listen) ben-EEN,  bin-EEN; French: BÃ©nin [benÉ›Ìƒ]), officially the Republic of Benin (French: RÃ©publique du BÃ©nin) and formerly known as Dahomey, is a country in West Africa. It is bordered by Togo to the west, Nigeria to the east, Burkina Faso to the north-west, and Niger to the north-east."
Burkina Faso,"Burkina Faso (UK: , US:  (listen); French: [buÊkina faso]) is a landlocked country in West Africa that covers an area of around 274,200 square kilometres (105,900 sq mi) and is bordered by Mali to the northwest, Niger to the northeast, Benin to the southeast, Togo and Ghana to the south, and the Ivory Coast to the southwest. The July 2019 population estimate by the United Nations was 20,321,378."
Bulgaria,"Bulgaria ( (listen); Bulgarian: Ğ‘ÑŠĞ»Ğ³Ğ°Ñ€Ğ¸Ñ, romanized: Balgariya), officially the Republic of Bulgaria (Bulgarian: Ğ ĞµĞ¿ÑƒĞ±Ğ»Ğ¸ĞºĞ° Ğ‘ÑŠĞ»Ğ³Ğ°Ñ€Ğ¸Ñ, romanized: Republika Balgariya, IPA: [rÉ›ËˆpublikÉ bÉÉ«ËˆÉ¡arijÉ]), is a country in Southeast Europe. It is bordered by Romania to the north, Serbia and North Macedonia to the west, Greece and Turkey to the south, and the Black Sea to the east."
Bahrain,"Bahrain ( (listen); Arabic: Ø§Ù„Ø¨Ø­Ø±ÙŠÙ†â€ al-Baá¸¥rayn Arabic pronunciation: [al baÄ§rajn] (listen)), officially the Kingdom of Bahrain (Arabic: Ù…Ù…Ù„ÙƒØ© Ø§Ù„Ø¨Ø­Ø±ÙŠÙ†â€ Mamlakat al-Baá¸¥rayn), is a sovereign state in the Persian Gulf. The island nation comprises a small archipelago made up of 51 natural islands and an additional 33 artificial islands, centered around Bahrain Island which makes up around 83 percent of the country's landmass."
Belarus,"Belarus (; Belarusian: Ğ‘ĞµĞ»Ğ°Ñ€ÑƒÑÑŒ [bÊ²É›laËˆrusÊ²]; Russian: Ğ‘ĞµĞ»Ğ°Ñ€ÑƒÑÑŒ [bÊ²ÉªlÉËˆrusÊ²]), officially the Republic of Belarus (Belarusian: Ğ ÑÑĞ¿ÑƒĞ±Ğ»Ñ–ĞºĞ° Ğ‘ĞµĞ»Ğ°Ñ€ÑƒÑÑŒ; Russian: Ğ ĞµÑĞ¿ÑƒĞ±Ğ»Ğ¸ĞºĞ° Ğ‘ĞµĞ»Ğ°Ñ€ÑƒÑÑŒ) and formerly known as Byelorussia or Belorussia (Russian: Ğ‘ĞµĞ»Ğ¾Ñ€ÑƒÑÑĞ¸Ñ), is a landlocked country in Eastern Europe. It is bordered by Russia to the northeast, Ukraine to the south, Poland to the west, and Lithuania and Latvia to the northwest."
Bolivia,"Bolivia  (listen), officially the Plurinational State of Bolivia, is a landlocked country located in western-central South America. The constitutional capital is Sucre, while the seat of government and executive capital is La Paz."
Brazil,"Brazil (Portuguese: Brasil; Brazilian Portuguese: [bÉ¾aËˆziw]), officially the Federative Republic of Brazil (Portuguese: RepÃºblica Federativa do Brasil), is the largest country in both South America and Latin America. At 8.5 million square kilometers (3.2 million square miles) and with over 211 million people, Brazil is the world's fifth-largest country by area and the sixth most populous."
Bhutan,"Bhutan ( (listen); Dzongkha: à½ à½–à¾²à½´à½‚à¼‹à½¡à½´à½£à¼‹, romanized: Druk Yul, [ÊˆukÌšË©.yËË©]), officially known as the Kingdom of Bhutan (Dzongkha: à½ à½–à¾²à½´à½‚à¼‹à½¢à¾’à¾±à½£à¼‹à½à½–à¼‹, romanized: Druk Gyal Khap), is a landlocked country in the Eastern Himalayas in South Asia. It is bordered by the Tibet Autonomous Region of China to the north and India to the south."
Canada,"Canada is a country in the northern part of North America. Its ten provinces and three territories extend from the Atlantic to the Pacific and northward into the Arctic Ocean, covering 9.98 million square kilometres (3.85 million square miles), making it the world's second-largest country by total area."
Switzerland,"Switzerland, officially the Swiss Confederation, is a country situated at the confluence of Western, Central, and Southern Europe. It is a federal republic composed of 26 cantons, with federal authorities based in Bern."
Chile,"Chile ( (listen), ; Spanish: [ËˆtÊƒile]), officially the Republic of Chile (Spanish: RepÃºblica de Chile ), is a country in western South America. It occupies a long, narrow strip of land between the Andes to the east and the Pacific Ocean to the west."
Cameroon,"Cameroon ( (listen); German: Kamerun, French: Cameroun), officially the Republic of Cameroon (French: RÃ©publique du Cameroun), is a country in Central Africa and West Africa. It is bordered by Nigeria to the west and north; Chad to the northeast; the Central African Republic to the east; and Equatorial Guinea, Gabon and the Republic of the Congo to the south."
Colombia,"Colombia ( (listen) kÉ™-LUM-bee-É™,  -â LOM-; Spanish: [koËˆlombja] (listen)), officially the Republic of Colombia (Spanish: RepÃºblica de Colombia ), is a transcontinental country largely in the north of South America, with territories in North America. Colombia is bounded on the north by the Caribbean Sea, the northwest by Panama, the south by Ecuador and Peru, the east by Venezuela, the southeast by Brazil, and the west by the Pacific Ocean."
Costa Rica,"Costa Rica (, US:  (listen); Spanish: [Ëˆkosta Ëˆrika]; literally ""Rich Coast""), officially the Republic of Costa Rica (Spanish: RepÃºblica de Costa Rica), is a country in Central America, bordered by Nicaragua to the north, the Caribbean Sea to the northeast, Panama to the southeast, the Pacific Ocean to the southwest, and Ecuador to the south of Cocos Island. It has a population of around 5 million in a land area of 51,060 square kilometers (19,714 square miles)."
Cyprus,"Cyprus ( (listen)), officially called the Republic of Cyprus, is an island country in the Eastern Mediterranean. It is the third largest and third most populous island in the Mediterranean, and is located north of Egypt; northwest of Lebanon, Palestine, and Israel; west of Syria; southeast of Greece; and south of Turkey."
Czech Republic,"The Czech Republic ( (listen); Czech: ÄŒeskÃ¡ republika [ËˆtÊƒÉ›skaË ËˆrÉ›publÉªka] (listen)), also called by its short-form name, Czechia ( (listen); Czech: ÄŒesko [ËˆtÊƒÉ›sko] (listen)), is a landlocked country in Central Europe bordered by Austria, Germany, Poland and Slovakia. The Czech Republic has hilly landscape that covers an area of 78,866 square kilometers (30,450 sq mi) with a mostly temperate continental climate and oceanic climate."
Germany,"Germany (German: Deutschland, German pronunciation: [ËˆdÉ”ÊtÊƒlant]), officially the Federal Republic of Germany (German: Bundesrepublik Deutschland, listen), is a country in Central and Western Europe. Covering an area of 357,022 square kilometres (137,847 sq mi), it lies between the Baltic and North seas to the north, and the Alps to the south."
Djibouti,"Djibouti, Jibuti, officially the Republic of Djibouti, is a country located in the Horn of Africa. It is bordered by Somalia in the south, Ethiopia in the southwest, Eritrea in the north, and the Red Sea and the Gulf of Aden in the east."
Denmark,"Denmark (Danish: Danmark, pronounced [ËˆtÃ¦nmÉ‘k] (listen)), officially the Kingdom of Denmark, is a Nordic country in Northern Europe. Denmark proper, which is the southernmost of the Scandinavian countries, consists of a peninsula, Jutland, and an archipelago of 443 named islands, with the largest being Zealand, Funen and the North Jutlandic Island."
Dominican Republic,"The Dominican Republic ( dÉ™-MIN-ik-É™n; Spanish: RepÃºblica Dominicana, pronounced [reËˆpuÎ²lika Ã°ominiËˆkana] (listen)) is a country located on the island of Hispaniola in the Greater Antilles archipelago of the Caribbean region. It occupies the eastern five-eighths of the island, which it shares with Haiti, making Hispaniola one of only two Caribbean islands, along with Saint Martin, that are shared by two sovereign states."
Ecuador,"Ecuador ( (listen) EK-wÉ™-dor; Spanish pronunciation: [ekwaËˆÃ°oÉ¾] (listen); Quechua: Ikwayur; Shuar: Ecuador or Ekuatur), officially the Republic of Ecuador (Spanish: RepÃºblica del Ecuador,  which literally translates as ""Republic of the Equator""; Quechua: Ikwadur Ripuwlika; Shuar: Ekuatur Nunka), is a country in northwestern South America, bordered by Colombia on the north, Peru on the east and south, and the Pacific Ocean on the west. Ecuador also includes the GalÃ¡pagos Islands in the Pacific, about 1,000 kilometres (621 mi) west of the mainland."
Spain,"Spain (Spanish: EspaÃ±a, [esËˆpaÉ²a] (listen)), officially the Kingdom of Spain (Spanish: Reino de EspaÃ±a), is a country in Southwestern Europe with some pockets of territory across the Strait of Gibraltar and the Atlantic Ocean. Its continental European territory is situated on the Iberian Peninsula."
Estonia,"Estonia (Estonian: Eesti [ËˆeËsÊ²ti] (listen)), officially the Republic of Estonia (Estonian: Eesti Vabariik), is a country on the eastern coast of the Baltic Sea in Northern Europe. It is bordered to the north by the Gulf of Finland across from Finland, to the west by the Baltic Sea across from Sweden, to the south by Latvia, and to the east by Lake Peipus and Russia."
Ethiopia,"Ethiopia  (Amharic: áŠ¢á‰µá‹®áŒµá‹«, Ê¾ÄªtyÅá¹—á¹—yÄ (listen), Afar: Itiyoophiyaa, Ge'ez: áŠ¢á‰µá‹®áŒµá‹«, Oromo: Itoophiyaa, Somali: Itoobiya, Tigrinya: áŠ¢á‰µá‹®áŒµá‹«), officially the Federal Democratic Republic of Ethiopia, is a landlocked country in the Horn of Africa.  It shares borders with Eritrea to the north, Djibouti to the northeast, Somalia to the east, Kenya to the south, South Sudan to the west and Sudan to the northwest."
Finland,"Finland (Finnish: Suomi [ËˆsuoÌ¯mi] (listen); Swedish: Finland [ËˆfÉªÌŒnland] (listen), Finland Swedish: [ËˆfinlÉ‘nd]), officially the Republic of Finland (Finnish: Suomen tasavalta, Swedish: Republiken Finland (listen to all)), is a Nordic country located in Northern Europe. Finland shares land borders with Sweden to the west, Russia to the east, and Norway to the north and is defined by the Gulf of Bothnia to the west and the Gulf of Finland to the south that are part of the Baltic Sea."
France,"France (French: [fÊÉ‘Ìƒs] ), officially the French Republic (French: RÃ©publique franÃ§aise), is a country, primarily located in Western Europe, consisting of metropolitan France and several overseas regions and territories. The metropolitan area of France extends from the Rhine to the Atlantic Ocean and from the Mediterranean Sea to the English Channel and the North Sea."
United Kingdom,"The United Kingdom of Great Britain and Northern Ireland, commonly known as the United Kingdom (UK or U.K.) or Britain, is a sovereign country located off the northÂ­western coast of the European mainland. The United Kingdom includes the island of Great Britain, the northÂ­eastern part of the island of Ireland, and many smaller islands."
Georgia,Georgia usually refers to:
Ghana,"Ghana ( (listen)), officially the Republic of Ghana, is a country along the Gulf of Guinea and the Atlantic Ocean, in the subregion of West Africa. Spanning a land mass of 238,535 km2 (92,099 sq mi), Ghana is bordered by the Ivory Coast in the west, Burkina Faso in the north, Togo in the east, the Gulf of Guinea and the Atlantic Ocean in the south."
Greece,"Greece (Greek: Î•Î»Î»Î¬Î´Î±, Ellada, [eËˆlaÃ°a]), officially the Hellenic Republic, also known as Hellas, is a country located in Southeast Europe. Its population is approximately 10.7 million as of 2018; Athens is its largest and capital city, followed by Thessaloniki."
Guatemala,"Guatemala ( (listen) GWAH-tÉ™-MAH-lÉ™; Spanish: [gwateËˆmala] (listen)), officially the Republic of Guatemala (Spanish: RepÃºblica de Guatemala), is a country in Central America bordered by Mexico to the north and west, Belize and the Caribbean to the northeast, Honduras to the east, El Salvador to the southeast and the Pacific Ocean to the south. With an estimated population of around 17.2 million, it is the most populous country in Central America."
Honduras,"Honduras, officially the Republic of Honduras, is a country in Central America. The republic of Honduras is bordered to the west by Guatemala, to the southwest by El Salvador, to the southeast by Nicaragua, to the south by the Pacific Ocean at the Gulf of Fonseca, and to the north by the Gulf of Honduras, a large inlet of the Caribbean Sea."
Croatia,"Croatia ( (listen), kroh-AY-shÉ™; Croatian: Hrvatska, pronounced [xÅ™Ì©Ê‹aËtskaË]), officially the Republic of Croatia (Croatian: Republika Hrvatska, (listen)), is a country at the crossroads of Central and Southeast Europe on the Adriatic Sea. It borders Slovenia to the northwest, Hungary to the northeast, Serbia to the east, and Bosnia and Herzegovina and Montenegro to the southeast, and it shares a maritime border with Italy."
Hungary,"Hungary (Hungarian: MagyarorszÃ¡g [ËˆmÉ’ÉŸÉ’rorsaËÉ¡] (listen)) is a country in Central Europe. Spanning 93,030 square kilometres (35,920 sq mi) in the Carpathian Basin, it borders Slovakia to the north, Ukraine to the northeast, Romania to the east and southeast, Serbia to the south, Croatia and Slovenia to the southwest, and Austria to the west."
Indonesia,"Indonesia ( (listen) IN-dÉ™-NEE-zhÉ™), officially the Republic of Indonesia (Indonesian: Republik Indonesia [reËˆpublik ÉªndoËˆnesia] (listen)), is a country in Southeast Asia and Oceania, between the Indian and Pacific oceans. It consists of more than seventeen thousand islands, including Sumatra, Java, Borneo (Kalimantan), Sulawesi, and New Guinea (Papua)."
India,"India (Hindi: BhÄrat), officially the Republic of India (Hindi: BhÄrat Gaá¹‡arÄjya), is a country in South Asia. It is the second-most populous country, the seventh-largest country by land area, and the most populous democracy in the world."
Ireland,"Ireland ( (listen); Irish: Ã‰ire [ËˆeËÉ¾Ê²É™] (listen); Ulster-Scots: Airlann [ËˆÉ‘ËrlÉ™n]) is an island in the North Atlantic. It is separated from Great Britain to its east by the North Channel, the Irish Sea, and St George's Channel."
Iceland,"Iceland (Icelandic: Ãsland; [Ëˆistlant] (listen)) is a Nordic island country in the North Atlantic Ocean, with a population of 356,991 and an area of 103,000 km2 (40,000 sq mi), making it the most sparsely populated country in Europe. The capital and largest city is ReykjavÃ­k."
Israel,"Israel (; Hebrew: ×™Ö´×©Ö°×‚×¨Ö¸×Öµ×œâ€; Arabic: Ø¥ÙØ³Ù’Ø±ÙØ§Ø¦ÙÙŠÙ„â€), officially known as the State of Israel (Hebrew: ×Ö°×“Ö´×™× Ö·×ª ×™Ö´×©Ö°×‚×¨Ö¸×Öµ×œâ€, Medinat Yisra'el), is a country in Western Asia, located on the southeastern shore of the Mediterranean Sea and the northern shore of the Red Sea. It has land borders with Lebanon to the north, Syria to the northeast, Jordan on the east, the Palestinian territories of the West Bank and the Gaza Strip to the east and west, respectively, and Egypt to the southwest."
Italy,"Italy (Italian: Italia [iËˆtaËlja] (listen)), officially the Italian Republic (Italian: Repubblica Italiana [reËˆpubËlika itaËˆljaËna]),  is a country consisting of a continental part, delimited by the Alps and a peninsula surrounded by several islands. Italy is located in south-central Europe, and is considered part of western Europe."
Jamaica,"Jamaica ( (listen)) is an island country situated in the Caribbean Sea. Spanning 10,990 square kilometres (4,240 sq mi) in area, it is the third-largest island of the Greater Antilles and the Caribbean (after Cuba and Hispaniola)."
Kazakhstan,"Kazakhstan, officially the Republic of Kazakhstan, is a transcontinental country mainly located in Central Asia with a smaller portion west of the Ural River in Eastern Europe. It covers a land area of 2,724,900 square kilometres (1,052,100 sq mi), and shares land borders with Russia in the north, China in the east, and Kyrgyzstan, Uzbekistan, and Turkmenistan in the south, while also adjoining a large part of the Caspian Sea in the southwest, it does not border Mongolia, although they are only 37 kilometers apart."
Kuwait,"Kuwait ( (listen); Arabic: Ø§Ù„ÙƒÙˆÙŠØªâ€ al-Kuwait, Gulf Arabic pronunciation: [Éªlâ€¿ÉªkweËt] or [lÉªkweËt]), officially the State of Kuwait (Arabic: Ø¯ÙˆÙ„Ø© Ø§Ù„ÙƒÙˆÙŠØªâ€ Dawlat al-Kuwait), is a country in Western Asia. Situated in the northern edge of Eastern Arabia at the tip of the Persian Gulf, it borders Iraq to the north and Saudi Arabia to the south."
Liberia,"Liberia ( (listen)), officially the Republic of Liberia, is a country on the West African coast. It is bordered by Sierra Leone to its northwest, Guinea to its north, CÃ´te d'Ivoire to its east, and the Atlantic Ocean to its south-southwest."
Lesotho,"Lesotho ( (listen), Sotho pronunciation: [lÉªËˆsÊŠËtÊ°ÊŠ]), officially the Kingdom of Lesotho (Sotho: 'Muso oa Lesotho), is an enclaved country within the border of South Africa. It is by far the largest of the world's three independent states completely surrounded by the territory of another country; with Vatican City and San Marino being the other two."
Lithuania,"Lithuania ( (listen) LITH-ew-AY-nee-É™; Lithuanian: Lietuva [lÊ²ÉªÉ›tÊŠËˆvÉ]), officially the Republic of Lithuania (Lithuanian: Lietuvos Respublika), is a country in the Baltic region of Europe. Lithuania is one of the Baltic states."
Luxembourg,"Luxembourg ( (listen) LUK-sÉ™m-burg; Luxembourgish: LÃ«tzebuerg [ËˆlÉ™tsÉ™buÉ™Ì¯É•] (listen); French: Luxembourg; German: Luxemburg), officially the Grand Duchy of Luxembourg, is a landlocked country in Western Europe. It is bordered by Belgium to the west and north, Germany to the east, and France to the south."
Latvia,"Latvia ( or  (listen); Latvian: Latvija [Ëˆlatvija]), officially known as the Republic of Latvia (Latvian: Latvijas Republika), is a country in the Baltic region of Northern Europe. Since Latvia's independence in 1918, it has been referred to as one of the Baltic states."
Moldova,"Moldova ( (listen), sometimes UK: ; Romanian pronunciation: [molËˆdova]), officially the Republic of Moldova (Romanian: Republica Moldova), is a landlocked country in Eastern Europe. It is bordered by Romania to the west and Ukraine to the north, east, and south."
Madagascar,"Madagascar (; Malagasy: Madagasikara), officially the Republic of Madagascar (Malagasy: Repoblikan'i Madagasikara Malagasy pronunciation: [republiËˆkÊ²an madaÉ¡asËˆkÊ²arÉ™Ì¥]; French: RÃ©publique de Madagascar), and previously known as the Malagasy Republic, is an island country in the Indian Ocean, approximately 400 kilometres (250 miles) off the coast of East Africa. At 592,800 square kilometres (228,900 sq mi) Madagascar is the world's second-largest island country."
Mexico,"Mexico (Spanish: MÃ©xico [Ëˆmexiko] (listen); Nahuan languages: MÄ“xihco), officially the United Mexican States (Estados Unidos Mexicanos; EUM  [esËˆtaÃ°os uËˆniÃ°oz mexiËˆkanos] (listen)), is a country in the southern portion of North America. It is bordered to the north by the United States; to the south and west by the Pacific Ocean; to the southeast by Guatemala, Belize, and the Caribbean Sea; and to the east by the Gulf of Mexico."
Mali,"Mali ( (listen); French pronunciation: â€‹[mali]), officially the Republic of Mali (French: RÃ©publique du Mali; Bambara: Mali ka Fasojamana, N'Ko script: ß¡ßŠßŸßŒ ßßŠ ßßŠß›ßß–ßŠß¡ßŠß£ßŠ; Fula: Renndaandi Maali), is a landlocked country in West Africa. Mali is the eighth-largest country in Africa, with an area of just over 1,240,000 square kilometres (480,000 sq mi)."
Malta,"Malta (,  (listen); in Maltese: [ËˆmÉltÉ]; Italian: [Ëˆmalta]), officially known as the Republic of Malta (Maltese: Repubblika ta' Malta) and formerly Melita, is a Southern European island country consisting of an archipelago in the Mediterranean Sea. It lies 80 km (50 mi) south of Italy, 284 km (176 mi) east of Tunisia, and 333 km (207 mi) north of Libya."
Montenegro,"Montenegro ( (listen); Montenegrin: Crna Gora / Ğ¦Ñ€Ğ½Ğ° Ğ“Ğ¾Ñ€Ğ°, lit. 'Black Mountain', pronounced [tsrÌ©Ì‚ËnaË É¡Ç’ra]) is a country in southeast Europe on the Adriatic coast of the Balkans."
Mozambique,"Mozambique (), officially the Republic of Mozambique (Portuguese: MoÃ§ambique or RepÃºblica de MoÃ§ambique, Portuguese pronunciation: [ÊÉ›ËˆpuÎ²likÉ Ã°É¨ musÉÌƒËˆbikÉ¨]; Chichewa: Mozambiki; Swahili: Msumbiji; Tsonga: Muzambhiki), is a country located in Southern Africa bordered by the Indian Ocean to the east, Tanzania to the north, Malawi and Zambia to the northwest, Zimbabwe to the west, and Eswatini (Swaziland) and South Africa to the southwest. The sovereign state is separated from the Comoros, Mayotte and Madagascar by the Mozambique Channel to the east."
Mauritania,"Mauritania ( (listen); Arabic: Ù…ÙˆØ±ÙŠØªØ§Ù†ÙŠØ§â€, MÅ«rÄ«tÄnyÄ, French: Mauritanie; Berber: Agawej or Cengit; Pulaar: ğ¤ƒğ¤®ğ¤ªğ¤­ğ¤¼ğ¤¢ğ¤²ğ¤­â€ Moritani; Wolof: GÃ nnaar; Soninke: Murutaane), officially the Islamic Republic of Mauritania (Arabic: Ø§Ù„Ø¬Ù…Ù‡ÙˆØ±ÙŠØ© Ø§Ù„Ø¥Ø³Ù„Ø§Ù…ÙŠØ© Ø§Ù„Ù…ÙˆØ±ÙŠØªØ§Ù†ÙŠØ©â€), is a country in Northwest Africa. It is the eleventh largest sovereign state in Africa and is bordered by the Atlantic Ocean to the west, Western Sahara to the north and northwest, Algeria to the northeast, Mali to the east and southeast, and Senegal to the southwest."
Mauritius,"Mauritius ( (listen) mÉ™-RISH-(ee-)É™s, maw-; French: Maurice [mÉ”Êis, moÊis] (listen); Morisyen: Moris [moÊis]), officially the Republic of Mauritius, is an island nation in the Indian Ocean about 2,000 kilometres (1,200 mi) off the southeast coast of the African continent, east of Madagascar. It includes the eponymous main island of Mauritius and Rodrigues, AgalÃ©ga and St."
Malawi,"Malawi (; Chewa: [malÃ¡Î²i] or [malÃ¡wi]), officially the Republic of Malawi, is a landlocked country in southeastern Africa that was formerly known as Nyasaland. It is bordered by Zambia to the west, Tanzania to the north and northeast, and Mozambique surrounding on the east, south and southwest."
Malaysia,"Malaysia ( (listen) mÉ™-LAY-zee-É™, -â zhÉ™; Malay: [mÉ™lejsiÉ™]) is a country in Southeast Asia. The federal constitutional monarchy consists of thirteen states and three federal territories, separated by the South China Sea into two regions, Peninsular Malaysia and Borneo's East Malaysia."
Niger,"Niger or the Niger ( or ; French: [niÊ’É›Ê]), officially the Republic of the Niger, is a landlocked country in West Africa named after the Niger River. Niger is bordered by Libya to the northeast, Chad to the east, Nigeria to the south, Benin to the southwest, Mali to the northwest, Burkina Faso to the southwest, and Algeria to the northwest."
Netherlands,"The Netherlands (Dutch: Nederland [ËˆneËdÉ™rlÉ‘nt] (listen)), informally Holland, is a country primarily located in Western Europe and partly in the Caribbean, forming the largest constituent country of the Kingdom of the Netherlands. In Europe, it consists of 12 provinces that border Germany to the east, Belgium to the south, and the North Sea to the northwest, with maritime borders in the North Sea with those countries and the United Kingdom."
Norway,"Norway (BokmÃ¥l: Norge; Nynorsk: Noreg; Northern Sami: Norga; Lule Sami: Vuodna; Southern Sami: NÃ¶Ã¶rje), officially the Kingdom of Norway, is a Nordic country in Northern Europe whose mainland territory comprises the western and northernmost portion of the Scandinavian Peninsula; Mainland Norway and the remote island of Jan Mayen as well as the archipelago of Svalbard form Metropolitan Norway. Bouvet Island, located in the Subantarctic, is a dependency of the Kingdom of Norway."
Nepal,"Nepal (English: ; Nepali: à¤¨à¥‡à¤ªà¤¾à¤² [neËˆpal]), officially the Federal Democratic Republic of Nepal, is a sovereign country in South Asia. It is mainly in the Himalayas, but also includes parts of the Indo-Gangetic Plain."
New Zealand,"New Zealand (MÄori: Aotearoa [aÉ”ËˆtÉ›aÉ¾É”a]) is an island country in the southwestern Pacific Ocean. It consists of two main landmassesâ€”the North Island (Te Ika-a-MÄui) and the South Island (Te Waipounamu)â€”and around 600 smaller islands, covering a total area of 268,021 square kilometres (103,500 sq mi)."
Oman,"Oman ( (listen) oh-MAHN; Arabic: Ø¹ÙÙ…ÙØ§Ù†â€ Ê¿UmÄn [Ê•ÊŠËˆmaËn]), officially the Sultanate of Oman (Arabic: Ø³Ù„Ù’Ø·Ù†Ø©Ù Ø¹ÙÙ…Ø§Ù†â€ Salá¹­anat(u) Ê»UmÄn), is a country on the southeastern coast of the Arabian Peninsula in Western Asia and the oldest independent state in the Arab world. Located in a strategically important position at the mouth of the Persian Gulf, the country shares land borders with the United Arab Emirates to the northwest, Saudi Arabia to the west, and Yemen to the southwest, and shares marine borders with Iran and Pakistan."
Pakistan,"Pakistan, officially the Islamic Republic of Pakistan, is a country in South Asia. It is the world's fifth-most populous country with a population exceeding 212.2 million."
Panama,"Panama ( (listen) PAN-É™-mah,  pan-É™-MAH; Spanish: PanamÃ¡ IPA: [panaËˆma] (listen)), officially the Republic of Panama (Spanish: RepÃºblica de PanamÃ¡), is a transcontinental country in Central America and South America, bordered by Costa Rica to the west, Colombia to the southeast, the Caribbean Sea to the north, and the Pacific Ocean to the south. The capital and largest city is Panama City, whose metropolitan area is home to nearly half the country's 4 million people.Panama was inhabited by indigenous tribes before Spanish colonists arrived in the 16th century."
Peru,"Peru ( (listen); Spanish: PerÃº [peËˆÉ¾u]; Quechua: Piruw [pÉªÉ¾ÊŠw]; Aymara: Piruw [pÉªÉ¾ÊŠw]), officially the Republic of Peru (Spanish: RepÃºblica del PerÃº ), is a country in western South America. It is bordered in the north by Ecuador and Colombia, in the east by Brazil, in the southeast by Bolivia, in the south by Chile, and in the south and west by the Pacific Ocean."
Philippines,"The Philippines ( (listen); Filipino: Pilipinas [ËŒpÉªlÉªËˆpinÉs] or Filipinas [fÉªlÉªËˆpinÉs]), officially the Republic of the Philippines (Filipino: Republika ng Pilipinas), is an archipelagic country in Southeast Asia. Situated in the western Pacific Ocean, it consists of about 7,641 islands that are broadly categorized under three main geographical divisions from north to south: Luzon, Visayas, Mindanao."
Portugal,"Portugal (Portuguese: [puÉ¾tuËˆÉ£al]), officially the Portuguese Republic (Portuguese: RepÃºblica Portuguesa [ÊÉ›ËˆpuÎ²likÉ puÉ¾tuËˆÉ£ezÉ]), is a country located on the Iberian Peninsula, in southwestern Europe. It is the westernmost sovereign state of mainland Europe, being bordered to the west and south by the Atlantic Ocean and to the north and east by Spain."
Romania,"Romania ( (listen) ro-MAY-nee-É™; Romanian: RomÃ¢nia [romÉ¨Ëˆni.a] (listen)) is a country located at the crossroads of Central, Eastern, and Southeastern Europe. It shares land borders with Bulgaria to the south, Ukraine to the north, Hungary to the west, Serbia to the southwest, and Moldova to the east and has its opening to the Black Sea."
Rwanda,"Rwanda, officially the Republic of Rwanda, is a landlocked country in the Great Rift Valley where the African Great Lakes region and East Africa converge.  One of the smallest countries on the African mainland, its capital city is Kigali."
Saudi Arabia,"Saudi Arabia, officially the Kingdom of Saudi Arabia, is a country in Western Asia constituting the vast majority of the Arabian Peninsula. With a land area of approximately 2,150,000 km2 (830,000 sq mi), Saudi Arabia is geographically the largest sovereign state in Western Asia, the second-largest in the Arab world (after Algeria), the fifth-largest in Asia, and the 12th-largest in the world."
Sudan,"The Sudan (; Arabic: Ø§Ù„Ø³ÙˆØ¯Ø§Ù†â€ as-SÅ«dÄn) or North Sudan, officially the Republic of the Sudan  (Arabic: Ø¬Ù…Ù‡ÙˆØ±ÙŠØ© Ø§Ù„Ø³ÙˆØ¯Ø§Ù†â€ JumhÅ«riyyat as-SÅ«dÄn), is a country in Northeast Africa. It is bordered by Egypt to the north, Libya to the northwest, Chad to the west, the Central African Republic to the southwest, South Sudan to the south, Ethiopia to the southeast, Eritrea to the east, and the Red Sea to the northeast."
Senegal,"Senegal ( (listen); French: SÃ©nÃ©gal; Wolof: Senegaal; Arabic: Ø§Ù„Ø³Ù†ØºØ§Ù„ Alsinighal), officially the Republic of Senegal (French: RÃ©publique du SÃ©nÃ©gal; Wolof: RÃ©ewum Senegaal; Arabic: Ø¬Ù…Ù‡ÙˆØ±ÙŠØ© Ø§Ù„Ø³Ù†ØºØ§Ù„ Jumhuriat Alsinighal), is a country in West Africa. Senegal is bordered by Mauritania in the north, Mali to the east, Guinea to the southeast, and Guinea-Bissau to the southwest."
Sierra Leone,"Sierra Leone ( (listen), also UK: , US: ), officially the Republic of Sierra Leone, informally Salone, is a country on the southwest coast of West Africa. It is bordered by Liberia to the southeast and Guinea to the northeast."
El Salvador,"El Salvador ( (listen); Spanish: [el salÎ²aËˆÃ°oÉ¾] (listen)), officially the Republic of El Salvador (Spanish: RepÃºblica de El Salvador, literally ""Republic of The Saviour""), is a country in Central America. It is bordered on the northeast by Honduras, on the northwest by Guatemala, and on the south by the Pacific Ocean."
Serbia,"Serbia (Serbian: Ğ¡Ñ€Ğ±Ğ¸Ñ˜Ğ°, romanized: Srbija, pronounced [sÅ™Ì©bija]), officially the Republic of Serbia (Serbian: Ğ ĞµĞ¿ÑƒĞ±Ğ»Ğ¸ĞºĞ° Ğ¡Ñ€Ğ±Ğ¸Ñ˜Ğ°, romanized: Republika Srbija, pronounced [repÇ”blika sÅ™Ì©bija]), is a landlocked country situated at the crossroads of Central and Southeast Europe in the southern Pannonian Plain and the central Balkans. It borders Hungary to the north, Romania to the northeast, Bulgaria to the southeast, North Macedonia to the south, Croatia and Bosnia and Herzegovina to the west, and Montenegro to the southwest."
Suriname,"Suriname  (, US also , sometimes spelled Surinam), officially known as the Republic of Suriname (Dutch: Republiek Suriname [reËpyËŒblik syËriËˆnaËmÉ™]), is a country on the northeastern Atlantic coast of South America. It is bordered by the Atlantic Ocean to the north, French Guiana to the east, Guyana to the west and Brazil to the south."
Slovenia,"Slovenia ( (listen) sloh-VEE-nee-É™; Slovene: Slovenija [slÉ”ËˆÊ‹Ã¨Ënija]), officially the Republic of Slovenia (Slovene: Republika Slovenija , abbr.: RS), is a country located in Central Europe at the crossroads of main European cultural and trade routes. 
It is bordered by Italy to the west, Austria to the north, Hungary to the northeast, Croatia to the southeast, and the Adriatic Sea to the southwest."
Sweden,"Sweden (; Swedish: Sverige [ËˆsvÃ¦ÌŒrjÉ›] (listen)), officially the Kingdom of Sweden (Swedish: Konungariket Sverige [ËˆkÃ´ËnÉµÅ‹aËŒriËkÉ›t ËˆsvÃ¦ÌŒrjÉ›] (listen)), is a Nordic country in Northern Europe. It borders Norway to the west and north, Finland to the east, and is connected to Denmark in the southwest by a bridge-tunnel across the Ã–resund Strait."
Chad,"Chad ( (listen); Arabic: ØªØ´Ø§Ø¯â€ TishÄd, Arabic pronunciation: [tÊƒaËd]; French: Tchad, pronounced [tÊƒa(d)]), officially known as the Republic of Chad (Arabic: Ø¬Ù…Ù‡ÙˆØ±ÙŠØ© ØªÙ’Ø´ÙØ§Ø¯â€ JumhÅ«riyyat TÅ¡Äd; French: RÃ©publique du Tchad), is a landlocked country in north-central Africa. It is bordered by Libya to the north, Sudan to the east, the Central African Republic to the south, Cameroon to the south-west, Nigeria to the southwest (at Lake Chad), and Niger to the west."
Thailand,"Thailand, officially the Kingdom of Thailand and formerly known as Siam, is a country in Southeast Asia. Located at the centre of the Indochinese Peninsula, it is composed of 76 provinces, and covers an area of 513,120 square kilometres (198,120 sq mi), and a population of over 66 million people."
Tunisia,"Tunisia, officially the Republic of Tunisia, is a country in the Maghreb region of North Africa, covering 163,610 square kilometres (63,170 square miles). Its northernmost point, Cape Angela, is also the northernmost point on the African continent."
Turkey,"Turkey (Turkish: TÃ¼rkiye [ËˆtyÉ¾cije]), officially the Republic of Turkey (Turkish: TÃ¼rkiye Cumhuriyeti [ËˆtyÉ¾cije dÊ’umËˆhuËÉ¾ijeti] (listen)), is a transcontinental country located mainly on the Anatolian Peninsula in Western Asia, with a smaller portion on the Balkan Peninsula in Southeastern Europe. Turkey is bordered on its northwest by Greece and Bulgaria; north by the Black Sea; northeast by Georgia; east by Armenia, Azerbaijan, and Iran; southeast by Iraq; south by Syria and the Mediterranean Sea; and west by the Aegean Sea."
Tanzania,"Tanzania (, Swahili: [tanzaËˆni.a]), officially the United Republic of Tanzania (Swahili: Jamhuri ya Muungano wa Tanzania), is a country in East Africa within the African Great Lakes region. It borders Uganda to the north; Kenya to the northeast; Comoro Islands and the Indian Ocean to the east; Mozambique and Malawi to the south; Zambia to the southwest; and Rwanda, Burundi, and the Democratic Republic of the Congo to the west."
Uruguay,"Uruguay ( (listen); Spanish: [uÉ¾uËˆÉ£waj] (listen)), officially the Oriental Republic of Uruguay (Spanish: RepÃºblica Oriental del Uruguay), is a country in the southeastern region of South America. It borders Argentina to its west and southwest and Brazil to its north and east, with the RÃ­o de la Plata (River of Silver) to the south and the Atlantic Ocean to the southeast."
United States,"The United States of America (USA), commonly known as the United States (U.S. or US) or America, is a country located primarily in North America, consisting of 50 states, a federal district, five major self-governing territories, and various possessions. At 3.8 million square miles (9.8 million square kilometers), it is the world's third- or fourth-largest country by total area."
Uzbekistan,"Uzbekistan (UK: , US: ; Uzbek: OÊ»zbekiston, pronounced [ozbekiËˆstÉ’n]), officially the Republic of Uzbekistan (Uzbek: OÊ»zbekiston Respublikasi), is a country in Central Asia. It is one of two doubly landlocked countries as it is surrounded by Kazakhstan, Kyrgyzstan, Tajikistan, Afghanistan and Turkmenistan."
South Africa,"South Africa, officially the Republic of South Africa (RSA), is the southernmost country in Africa. With over 59 million people, it is the world's 24th-most populous nation and covers an area of 1,221,037 square kilometres (471,445 sq mi)."
